,tconst,Title,Score,NormalisedScore,Year,wordcount,totalemotion,Emotional Expression,Pos-Neg,Agressiveness,Anger,Anticipation,Awe,Contempt,Disgust,Dissaproval,Fear,Joy,Love,Negative,Optimism,Positive,Remorse,Sadness,Submission,Surprise,Trust,AFINN(-4&-5),Ero
0,tt12389600, 12 Angry Men 1957 en  ,8.9,87.23404255,1957,6759,2574,48.23749518,41.22413052,32.02214452,32.01950574,27.71914954,21.15653577,19.54501195,31.68533975,60.0345041,32.43964983,12.66927131,17.52878899,51.84790639,13.06870399,20.91153406,9.594685824,37.48884644,15.33736534,32.420845,34.70614329,0.040479511,10.18141513
1,tt0047478, 1954  Seven Samurai  ,8.6,80.85106383,1954,3563,1617,68.21088926,42.3593759,19.03030303,39.22497782,34.24411087,17.13429428,44.72417275,38.41642229,18.69752524,71.74257082,22.07706519,21.0042338,70.18169966,16.96248763,47.11994764,23.57381104,40.91260301,16.2763877,23.09489866,30.772156,19.2782905,20.04346871
2,tt12409982, 1984 Once Upon a Time in America Il etait une fois en Amerique ext HD VOSTFREN 8 4  ,8.3,74.46808511,1984,5107,1924,47.11913601,53.78781276,10.8529106,20.11185185,39.76185976,16.88309611,21.65385931,27.45456374,8.730046866,29.25753582,36.73677021,36.93041079,42.38769813,26.78795456,34.08381617,16.46373675,28.87437961,13.67927179,31.28449437,41.00185474,14.08759808,18.45117249
3,tt0062622, 2001 A Space Odyssey 1968 REMASTERED 720p BluRay X264 AMIABLE  ,8.3,74.46808511,1968,2153,800,45.70653099,77.80301615,0,7.639184421,49.54545455,3.582692308,12.77373418,6.866935484,0,14.29530506,28.73205189,20.97529685,18.71010442,28.54716628,51.96806987,6.039959016,18.613742,3.655405405,21.27723629,52.07333403,2.01121792,4.221965284
4,tt1187043, 3 Idiots 2009 Hindi 1080p Blu Ray x264 DD 5 1 MSubs HDSector eng  ,8.3,74.46808511,2009,6748,2981,64.90854456,67.84320541,7.742032875,17.90713972,31.03961453,13.14014399,14.5032463,16.1604138,12.39602227,22.40711149,29.85384147,26.75726884,34.82396702,21.91306116,52.7571719,7.204095886,20.85575155,11.77185236,22.06464522,62.27055377,3.627473048,14.31161637
5,tt0066921, A Clockwork Orange (1971) 1080p H 264 Multi (moviesbyrizzo)  ,8.3,74.46808511,1971,5070,2154,60.28260183,68.20752354,11.73491179,30.19219408,41.21043302,16.85451039,35.76390113,36.4902507,21.83403365,37.07997244,40.34255992,38.4096259,50.00992383,33.09991506,73.2963048,25.92203601,43.64320566,10.18218776,38.12283753,86.79699716,6.235025712,24.51064252
6,tt10751272, A Separation 1080p H 264 FARSI or FRENCH audio multisub (moviesbyrizzo)  ,8.2,72.34042553,2011,4105,1698,57.21563788,54.21441311,29.77267373,37.01745986,47.9772995,11.2530579,24.99888178,17.66974429,19.78399313,35.80126836,29.19354804,23.12630637,45.1419505,29.11478823,38.54089509,18.33883643,44.00331214,16.36106071,14.30899267,51.15304233,1.554538261,0.925957641
7,tt1360860, About Elly 2009 1080p BluRay Remux AVC FLAC2 0 KESH EN 23 976  ,8,68.08510638,2009,3480,1307,46.80092674,60.16657032,5.045141546,15.55368513,32.04701955,5.847801777,24.05741238,23.27911741,10.28101617,15.51699779,31.24259827,31.24791958,37.81225268,21.55710805,41.06835955,11.50174972,29.55621343,16.78074402,12.00461168,45.07656197,3.181832963,7.271113384
8,tt0078748, Alien 1979 REMASTERED THEATRICAL 1080p BluRay x264 DTS SWTYBLZ  ,8.4,76.59574468,1979,2678,927,38.75174197,45.38549039,4.742179072,22.55642598,40.51583799,4.122479462,33.91913482,23.24877336,1.811932057,32.29505664,25.78432017,31.02582906,45.50511677,25.42993357,21.09009219,16.21659858,31.49321934,26.81419283,11.27086318,30.90163933,19.2366184,17.9636322
9,tt0090605, Aliens 1986 Directors Cut 720p BluRay DTS HD x264 BARC0DE  ,8.3,74.46808511,1986,4712,1687,41.99874141,51.03957807,5.211618257,20.88447304,28.3935981,10.76011126,23.76400321,18.53643612,11.94779621,27.75876552,14.07732946,14.64781501,31.80631189,12.63259671,14.70835871,11.45694656,21.20705964,7.80050946,16.19154455,24.78243435,15.27944156,15.67443909
10,tt0086879, Amadeus (1984) eng  ,8.3,74.46808511,1984,3606,1346,46.16950429,84.94411702,40.00817236,23.2478448,61.04282048,32.65058864,21.60832847,19.15112879,48.6677412,34.4381822,66.48980646,56.30361031,32.40904892,54.13647005,84.32651835,14.35948652,42.43208479,58.66029477,48.85601798,72.90915438,1.468035914,13.42390277
11,tt10767068, Amelie (2001) 23 976fps 121 35mn Eng  ,8.3,74.46808511,2001,3324,1362,56.15012144,51.00711988,5.648311307,14.01259249,29.78240555,13.32768553,16.73729995,21.09800578,17.26523806,22.04874295,27.24983127,18.90107202,38.29806579,19.06182296,23.10643333,10.24891071,29.12794922,7.514783506,23.4458613,16.38847159,0.216691721,9.499890457
12,tt0120586, American History X (1998) BR 23 976 fps 1 h 58 min 53 sec  ,8.5,78.72340426,1998,5654,2155,48.32518695,42.26613514,6.629698376,37.70460669,41.7709344,9.753346422,49.24373697,38.23815583,12.47080105,41.2094926,29.79615996,33.60489881,59.72917106,28.86999487,33.30261014,22.42212164,36.93504306,21.71192074,23.82861972,38.75712106,60.20764387,43.73888873
13,tt0169547, American Beauty 1999 720p BluRay DTSx264 LEVERAGE  ,8.3,74.46808511,1999,3722,1410,47.69114642,62.88332233,15.58865248,27.30867998,37.1863314,9.48608838,32.33503905,28.17204301,10.72124053,30.0680207,36.07755126,35.29300127,37.0736578,26.35756637,45.62087202,17.13463551,27.99460427,20.73988882,19.81622684,42.75649168,15.66230293,32.4352895
14,tt0078788, Apocalypse Now 1979 Final Cut 2160p UHD Blu ray Remux HEVC DD7 1 DoVi   SumVision en  ,8.4,76.59574468,1979,6886,2568,46.07752583,54.10967103,8.987149533,41.71915762,25.35825545,21.95003595,50.50721637,33.24037785,32.70368024,45.63890978,24.23131375,24.34905195,46.26710717,15.15842322,39.7952329,19.65234156,36.43102175,15.3732003,21.44897269,40.20464908,30.33186845,30.58179184
15,tt10241312, Avengers Endgame By GoldBerg 44  ,8.5,78.72340426,2019,6538,2571,51.63380007,43.91160824,7.266822248,34.64097818,34.33329797,23.78242528,26.29425579,30.40739765,20.25262214,29.50544101,22.14515622,20.51292274,46.66810971,14.76269762,19.61416059,17.74999841,30.94432578,16.49268872,31.34256304,27.0497332,4.805855588,6.978669291
16,tt9847474, Avengers Infinity War 2018 1080p 10bit BluRay 8CH x265 HEVC PSA  ,8.4,76.59574468,2018,2307,846,44.37565469,62.65553205,3.897163121,23.64802278,33.49666882,19.19803601,11.15001347,6.993060322,33.75205353,33.69306427,23.34439497,23.87859577,32.7463537,22.74352654,39.51646316,5.711545169,15.8724915,6.913296275,34.63209737,40.58873389,1.368701769,1.008561901
17,tt0088763, Back to the Future AMZN WEB DL  ,8.5,78.72340426,1985,4597,1738,47.48433314,57.78988974,6.323360184,20.41042033,54.50570143,12.64317961,21.25751992,20.42392071,16.42936553,19.82974074,33.44701428,32.39427565,35.75413577,29.69270339,33.55989096,9.267294233,22.16936356,16.82580164,31.43061147,32.95751135,9.397085334,8.803823595
18,tt0040522, Bicycle Thieves 1948 REMASTERED 1080p BluRay 10bit HEVC MkvCage eng  ,8.2,72.34042553,1984,2038,788,49.8319682,51.56087352,5.578680203,21.36177114,41.44900784,18.18625537,25.9365161,23.59587359,31.97324271,27.61682266,23.64934729,25.55010014,40.47496851,26.03422905,27.06890587,17.71448781,32.40518799,22.26642887,29.12732878,33.22532649,2.13204446,2.457433411
19,tt0112573, Braveheart (1995) 2160p H 264 Mel Gibson (moviesbyrizzo)  ,8.3,74.46808511,1995,3805,1681,64.91582214,68.2372747,7.845330161,46.62862509,31.56454491,26.71212191,28.52506419,29.41221623,14.98805191,41.57140605,34.39527312,31.1884113,46.05836002,25.48603669,68.20464282,15.01106874,33.14611929,23.48505555,67.37753137,54.66325492,5.019247067,15.20583621
20,tt0034583, Casablanca (1942) COLOR en  ,8.4,76.59574468,1942,5259,2035,49.91462259,73.3101845,9.180835381,16.16095732,48.30824213,12.67586468,18.54134917,15.98953793,17.33311123,21.33199226,37.0429292,33.66984464,26.24973287,23.85348963,52.6770069,14.24658638,21.24149923,12.93312969,29.56808702,44.09247673,0.089115568,3.096373432
21,tt0095765, Cinema Paradiso 1988 REMASTERED 720p BluRay x264 PHOBOS  ,8.4,76.59574468,1988,2336,977,58.47260917,59.4587741,11.24872057,22.40621481,44.94463571,9.778757578,28.96492751,25.95172846,13.75362143,30.20221286,39.35479,32.35082481,37.43438144,32.6490752,39.13873618,19.23335067,32.27087984,22.44875377,27.96807281,36.3194122,4.310364507,11.67443608
22,tt0033467, Citizen Kane  ,8.3,74.46808511,1941,5599,1941,38.89269482,71.23375486,20.38330757,18.39426438,45.57257271,12.79752705,15.38943126,16.98160243,20.76860608,23.00095996,38.63362315,32.90180989,28.16818505,30.93551308,50.96276585,10.78749335,28.14836234,16.57267778,30.6183526,51.17344511,0.075807409,4.187066733
23,tt0021749, City Lights 1931 CRITERION 720p BluRay x264 DCHighDef  PublicHD  ,8.5,78.72340426,1931,283,116,56.19025688,90.45380097,47.37068966,19.74843106,100,8.236074271,0,0,0,13.43240406,57.60374924,57.29038715,10.52274845,52.16601677,66.976735,0,6.795588882,12.60484623,49.39120211,74.75583589,3.942510155,11.16416665
24,tt0317248, City of God 2002 PROPER 480p x264 mSD  ,8.6,80.85106383,2002,4649,1983,60.74531281,38.92088771,19.9515885,44.91021475,35.75207445,14.93541255,40.8299661,36.01418509,22.86981717,73.02378163,29.87007783,32.30518183,60.94986749,28.4776026,28.1027046,17.86910047,43.06430271,46.45295825,25.35505623,45.42328197,32.59401565,44.89936278
25,tt11023466, Coco 2017 WEBRip x264 SHITBOX  ,8.3,74.46808511,2017,4355,1427,33.69461149,71.10963225,3.850735809,15.32734787,38.91316812,10.04258531,20.38178705,19.544725,11.77057475,18.5633128,47.46306246,34.01470793,27.67893331,27.3172687,50.07288659,14.2968741,39.19323849,2.049281236,13.35367862,30.86775042,0.134607022,4.541431402
26,tt5074352, Dangal 2016 720p BluRay x264  YTS PE en  ,8.3,74.46808511,2016,5293,2320,63.96582556,57.06170972,4.263362069,26.74064697,45.09090909,9.471485411,18.97424705,18.39682981,11.58386908,38.03426229,33.16579501,33.20504072,41.17683004,34.04518989,39.15168168,10.18230639,21.77377367,11.3443616,30.38175903,55.43289142,0.523200454,17.96075894
27,tt0082096, Das Boot 1981 GERMAN DC 1080p BluRay REMUX AVC DTS HD MA 5 1 FGT  ,8.3,74.46808511,1981,3974,1921,76.29841476,65.53000585,2.860489328,22.25829608,22.06331929,9.946742482,19.6416687,20.45809474,6.120576324,23.55168565,13.40752638,15.82030015,32.47252979,15.39868667,44.99514917,8.663947227,15.46936154,7.611463624,18.36069117,26.78681599,7.70044572,11.55798763
28,tt1853728, Django Unchained  ,8.4,76.59574468,2912,7234,2826,50.92677206,37.69436029,15.55555556,34.42070294,31.99768384,17.57961783,35.04797226,35.14028719,23.77439514,46.41470959,29.67712942,31.36130918,70.4210551,25.4447048,37.96119976,16.14835311,41.42228333,19.14366596,25.09038316,48.91918316,35.71728468,30.22825478
29,tt0036775, Double Indemnity English  ,8.2,72.34042553,1944,4308,1580,44.38919841,54.85155242,15.30253165,15.93449511,34.09436133,13.30282376,16.9155584,13.37280523,17.00922549,24.55971345,24.08000227,25.80805402,29.33138432,17.79066222,19.22053301,10.19402366,30.16692137,9.2541909,20.21215024,32.10749585,0.137494288,3.453426827
30,tt0293282, Dr  Strangelove or How I Learned to Stop Worrying and Love the Bomb (1964)  ,8.4,76.59574468,1964,4792,2023,59.54661435,60.68018609,10.32179931,26.11284634,20.95987058,24.55758774,16.70848533,16.50216064,29.89016145,33.30033629,9.48888435,8.442106441,31.21237222,9.858572361,33.50614553,10.61562523,17.8310816,6.504923114,22.06175849,53.07146836,2.034565301,6.827281977
31,tt10451344, El resplandor (The shining) (1980)  es en en en h264 aac br rip 1080p 1 en  ,8.4,76.59574468,1980,2829,1103,50.71752719,67.00585139,3.985494107,16.55286218,39.47086458,15.5910454,14.96608788,14.94165472,13.70530295,21.13577749,26.1518711,22.31004086,20.84197442,20.92913437,32.8274237,9.734999926,19.27216543,14.58185293,30.3971792,33.79033362,8.017937959,11.1044656
32,tt0338013, Eternal Sunshine of the Spotless Mind 2004 720p BluRay DTS x264 CtrlHD eng  ,8.3,74.46808511,2004,4705,1417,26.44443664,55.07061409,5.429075512,20.39664765,48.53146853,9.439226969,29.95631705,23.26131992,7.112184969,32.58235638,34.14144073,35.84393168,40.65206799,28.56023055,34.42521307,11.36666011,29.92918479,33.01989357,19.25626059,33.06838384,12.85277921,18.09250591
33,tt0137523, Fight Club AMZN WEB DL  ,8.8,85.10638298,1999,7011,2779,52.49220827,50.58264725,6.722921914,28.01378884,25.98514835,15.12663659,20.08326463,18.09539287,21.75883289,44.73951168,23.76899773,25.197572,42.52177396,17.54444283,27.75156251,13.52355783,27.7066014,31.04266555,15.46286901,34.05906883,15.48691638,28.43931903
34,tt0059578, For a Few Dollars More (1965)  ,8.2,72.34042553,1965,1748,659,47.19149377,52.62964881,25.01517451,41.69737202,36.76369154,18.84673748,33.39928161,25.00856625,17.8416193,51.51115276,24.45649592,32.1536554,50.38916831,17.70669845,42.16487893,17.10863454,29.91783943,11.09379486,34.26988168,71.15061001,4.485361321,8.403103545
35,tt0109830, Forrest Gump AMZN WEB DL  ,8.8,85.10638298,1994,5464,2043,46.34326684,63.22249904,11.29662261,22.04307763,42.4803097,12.6262284,23.08593097,20.270633,8.221541933,27.46945177,35.67435503,34.03703813,31.83539166,30.98755738,39.4797927,9.986118132,20.1048817,25.76497202,25.15008527,48.55468672,9.572823584,8.015595607
36,tt0093058, Full Metal Jacket 1987 BRRip 480p x264 AAC VYTO  ,8.3,74.46808511,1987,3680,1568,60.62045121,57.34226567,4.90625,33.47503302,20.49165121,12.79532967,42.61253552,34.4963792,17.13939813,44.64371674,25.88071974,21.5703915,52.78990435,17.66416411,54.86242607,16.09286132,31.24044871,15.85252344,26.73964366,58.86997361,46.53495045,46.77851994
37,tt0172495, Gladiator 2000 Extended 1080 BluRay x264 YIFY  ,8.5,78.72340426,2000,3533,1563,65.08355987,57.85707079,8.437619962,28.16487428,34.37329146,14.67001329,20.11710683,17.30336615,13.97030916,54.07958572,38.94638413,36.59053478,47.23174579,24.15688664,48.66082716,12.36587898,40.8431862,28.06453286,20.91896491,78.04600747,1.82727472,14.0111547
38,tt0119217, Good Will Hunting 1997 1080p BrRip x264 YIFY  ,8.3,74.46808511,1997,6753,2374,40.22736804,59.51194943,10.18449874,20.32946455,36.23037451,12.47553626,24.17166988,20.47041878,17.6880899,29.07904855,32.55403734,32.26358048,37.22802722,27.71254587,38.97764634,10.17684754,29.03804095,21.55672943,27.00434412,42.20192068,20.69164298,20.55971524
39,tt0099685, Goodfellas 1990 Remastered 1080p BluRay x265 HEVC EAC3 SARTRE eng sdh  ,8.6,80.85106383,1990,8339,3130,46.73801607,58.40189427,24.92939297,31.18820806,45.08974731,22.5873679,27.12338739,23.89673297,18.24551903,36.85291323,38.36792274,40.6930964,38.53006884,33.12414874,38.42164107,13.20772011,30.22519081,20.55435627,41.82833978,39.99081134,33.3167258,30.77748536
40,tt0095327, Grave of the Fireflies (1988) en  ,8.4,76.59574468,1988,1931,537,20.13147965,49.86491698,14.32588454,31.14170652,30.76688674,24.90760636,26.3489145,24.39478585,15.63930183,41.37181114,22.94593228,22.12319477,50.17802973,21.1977169,36.2766931,18.9959398,38.4499895,0,25.02155441,32.56560798,0.466818704,1.303726068
41,tt0279853, Harakiri 1962  ,8.5,78.72340426,1962,3989,1633,56.04848117,67.10406836,16.15186773,23.68965391,30.90686411,12.87107259,25.99393831,22.77225767,23.65719742,43.04610587,24.25516662,23.37595574,40.36093712,22.59344872,58.47571108,18.41125154,37.09736968,17.9076811,22.76438043,69.2078714,0.447816231,11.48716656
42,tt0044741, Ikiru 1952 720p BluRay x264 SiNNERS  ,8.2,72.34042553,1952,3531,1532,62.75018527,53.47582169,14.34725849,24.93491924,31.82055542,12.47238401,37.45662161,36.68617872,18.63853609,30.32514955,20.34976979,15.89551052,43.49654544,13.842597,34.89613709,23.12952104,43.96682122,9.54413944,17.39097156,32.93837892,0.84917243,6.78070015
43,tt12960252, Inception  ,8.7,82.9787234,2010,5134,1952,48.06918309,58.28317232,5.067110656,19.22088869,28.58420268,11.25709332,15.70541087,12.12321523,17.20964157,25.00496889,19.9023386,21.83129842,33.79372759,16.29062787,32.00535651,12.10192153,29.26885495,12.73399424,17.60287004,47.08349319,3.012820434,8.091318484
44,tt2135175, Inglorious Basterds  ,8.3,74.46808511,2009,6221,2390,49.15594014,71.46634568,4.59832636,18.78829795,31.11297071,9.593820406,15.7872994,14.85220678,12.65016665,26.33174845,27.02490084,24.9561251,27.4941659,21.69352699,50.55617862,6.739145346,19.59560107,7.953183309,23.59596136,54.95882147,9.318457687,11.44661438
45,tt0816692, Interstellar 2014 IMAX m720p BluRay x264 BiRD  ,8.5,78.72340426,2014,6209,2444,51.73848525,54.36747035,6.295417349,16.05517612,35.58696623,11.33639683,22.51445027,16.42600707,17.18147521,26.43135839,23.25233919,22.67006969,30.46810722,14.6423435,19.71982254,10.32471627,27.39350777,8.973990357,14.29193323,36.07257182,2.839924505,6.888914544
46,tt1675434, Intouchables 2011 en  ,8.5,78.72340426,2011,3886,1425,44.37318278,60.59007366,6.941052632,17.16343003,55.86347687,8.04534413,27.02998001,24.31692134,9.429675885,22.78613492,40.43715824,40.92662802,38.05038148,40.77330552,42.23862061,12.05637043,23.49270785,18.46941679,37.82054202,45.96249137,12.32655269,12.70172339
47,tt0038650, It's a Wonderful Life  ,8.6,80.85106383,1946,8863,2846,31.90011966,67.71398098,25.87245257,17.70923949,47.51676995,11.74928375,14.08639263,15.88760683,10.62329526,15.94572047,40.07937347,43.28309414,30.10494491,38.15256188,46.34214617,7.545822149,22.63817126,13.8715314,37.88865047,53.93981653,0,6.759393478
48,tt0056172, Lawrence of Arabia 1962 1080p BluRay H264 AAC RARBG  ,8.2,72.34042553,1962,4991,1828,44.25233607,68.18804453,10.22045952,36.22402235,33.47921225,8.362228581,27.95127829,27.97169478,10.10736936,50.3524663,32.4782627,37.22224993,48.2668724,27.69911555,70.98416261,19.38425943,34.08678965,34.39440535,23.96281545,91.63025925,1.48641489,5.682953839
49,tt0110413, Leon The Professional 1994 Remastered Extended 720p BRRiP x264 AC3 5 1  ,8.5,78.72340426,1994,3257,1313,54.34018173,59.38891882,15.06626047,25.57971546,38.57231877,18.19087234,29.33565995,23.81642631,26.86434224,27.08534331,39.38762211,37.26542133,36.67881757,27.25505522,38.0118107,15.53818686,34.2433984,12.24964492,33.11502846,43.19868345,22.51718327,20.27121977
50,tt0118799, Life is Beautiful 1997 EXTENDED 1080p BluRay x264 DTS CHD  ,8.6,80.85106383,1997,4011,1671,58.02612422,65.22911235,3.28845003,15.59251143,43.4633589,14.29360586,20.69858873,16.94368835,13.06738074,23.26374232,33.68392895,32.72267048,27.7188254,34.24827408,38.1863855,8.67498602,23.22522189,9.625244634,34.50648905,31.3683039,2.456045124,14.47443277
51,tt0986264, Like Stars on Earth  ,8.3,74.46808511,2007,1903,769,54.60476149,73.13655084,10.00390117,13.32161008,36.84359853,9.938981695,14.31087554,18.13414992,24.02636045,22.41881735,38.14145874,22.8562509,28.84929852,29.29808594,55.71382182,8.377923213,26.69587627,11.40828735,21.05462896,71.79194886,3.503796295,5.109681239
52,tt0209144, Memento  ,8.4,76.59574468,2000,4333,1574,43.43142152,45.80773462,12.56797967,21.62632201,29.73085364,10.92561822,26.46888521,24.69975817,10.67128982,31.18079085,23.6904873,29.38429498,42.82705138,16.05832777,18.45565322,12.62055534,31.91318826,24.15261513,20.69842271,38.15563005,26.73487226,24.1523961
53,tt0017136, Metropolis 1927 Universum Film  ,8.2,72.34042553,1927,1553,532,37.7692712,56.01621613,12.39473684,16.90470689,20.90225564,16.16252169,31.02931379,23.03541111,34.72983306,19.42343003,14.87014078,7.111849502,34.38782768,7.978696273,28.17761758,15.1377419,32.47797065,2.748425117,8.995195247,31.20326625,0.612093672,13.56067883
54,tt0027977, Modern Times 1936 720p BluRay x264 YTS resync  ,8.5,78.72340426,1936,241,134,96.16759217,79.34541983,0,11.2572055,24.55902307,0,0,3.153586904,0,4.115594308,24.51611399,32.30109857,9.982214236,26.59524343,43.71997401,0,17.97333873,0,11.01392896,30.77450706,4.652248926,15.02031175
55,tt0053125, North by Northwest (1959)  es en xvid ac3 hd rip en  ,8.3,74.46808511,1959,4986,1807,43.20052701,60.92737658,6.081903708,18.31143343,40.12778588,14.80396748,19.14075361,16.13617295,26.95637493,23.45855184,28.47488246,30.24433966,36.32531963,24.91230044,40.67426471,12.47879376,28.902902,8.091655574,32.71440645,46.20207092,0.332268463,3.319280496
56,tt0364569, Oldboy 2003 REMASTERED 1080p BluRay x264 USURY  ,8.3,74.46808511,2003,2853,1222,61.23167578,52.31735783,10.79214403,25.25710287,24.71358429,9.38184565,33.4500404,25.58998997,12.37066215,34.97112451,26.73204789,25.11178565,44.83333802,13.66498897,34.28716186,18.45268439,42.30532481,8.375724333,15.47910234,38.36539256,20.06854668,41.74605448
57,tt0064116, Once Upon a Time in the West 1968  ,8.5,78.72340426,1968,2256,908,54.16250112,56.94973677,19.36563877,24.29883188,41.70604726,12.6262284,26.83739475,25.13144806,11.09908161,35.49627061,26.50649094,34.83366792,39.06918031,21.34174278,36.17639564,20.10363256,35.50632453,11.27217526,21.31558133,50.61182839,10.59831109,12.34246152
58,tt0073486, One Flew Over The Cuckoos Nest 1975 720p BluRay H264 AAC RARBG  ,8.6,80.85106383,1975,4896,1784,43.73794164,49.28638776,17.86491031,28.91270915,28.79739095,5.890824422,23.3531532,19.66042239,22.59633655,20.29049519,17.83140926,20.70465259,36.58837496,17.27068209,17.38393715,10.53306256,22.20298558,12.29396437,19.611835,20.86545927,22.70401649,31.06172823
59,tt11229790, PARASITE 2019 1080p FHDRip H264 AAC NonDRM  ,8.3,74.46808511,2019,4569,1900,57.81862992,69.85370488,6.941052632,19.42725751,34.69856459,6.034008097,23.1685543,19.12733447,15.02854594,12.92220056,28.78533766,24.36595241,23.30991853,24.17844301,41.82679207,9.60742019,18.13978532,10.77382646,24.17867761,30.05419163,12.23022244,25.79092393
60,tt0050825, Paths Of Glory (1957)   English  ,8.4,76.59574468,1957,4704,2038,62.57970593,82.25980282,13.48135427,31.87205638,27.92934249,15.00113233,17.74263674,15.75865016,18.1317676,52.84697868,17.70064356,21.62947043,36.79734914,16.30912141,84.59835856,12.64499107,32.22469555,14.3489908,17.55006585,95.73111708,0.114972394,4.617925633
61,tt0119698, Princess Mononoke 1997 HMC (1080p Bluray x265 HEVC 10bit AAC 5 1 English Tigole)  ,8.4,76.59574468,1997,4628,2065,66.12232689,48.34291173,12.77288136,30.70849478,29.59718248,12.49171168,36.16330033,33.97016324,17.89469364,68.13244113,24.21901855,28.07022309,56.38188838,19.26293491,41.27536063,20.79942841,42.62540954,31.86309796,13.80936192,42.08376943,1.862236812,7.978020215
62,tt0054215, Psycho 1960 UNCUT 1080p BluRay x264 CREEPSHOW  ,8.5,78.72340426,1960,3733,1448,50.17072278,55.10761934,18.21546961,21.6887622,40.44198895,7.917552061,24.42915589,21.88780966,12.75985579,26.40584212,35.74074915,43.89313121,42.05078258,33.76987346,36.32398917,16.31419256,43.24701286,18.17604898,16.6124881,44.81546237,0.178702794,6.419683877
63,tt0110912, Pulp Fiction 1994 1080p BluRay H264 AAC RARBG EN  ,8.9,87.23404255,1994,8041,2884,42.17377912,44.70243549,5.716019417,32.91118273,31.75639894,15.90099221,41.15723591,31.50306474,21.54904911,40.72988892,24.55174299,23.98221109,53.50523263,19.52179612,30.13394595,12.47271549,32.12995645,14.19574915,24.77425779,34.68953633,39.57287929,37.3093268
64,tt0047396, Rear Window 1954 by Hitchcock 720p x264 AAC MULTISUB mkv Zen Bud  ,8.4,76.59574468,1954,4530,1704,46.96076422,56.35039337,10.31924883,16.97303166,34.38326931,17.94149512,17.06855054,14.38361351,26.6143471,24.64641063,19.55364144,18.87722922,30.68311589,13.5732186,24.02584176,11.02757254,22.69479569,6.006534704,26.48076015,27.56183259,0.124383409,1.652485432
65,tt0180093, Requiem For A Dream Directors Cut DVDRip DivX QiX  ,8.3,74.46808511,2000,3521,1194,36.82414258,69.46634693,11.96566164,23.74656883,57.11892797,12.00231929,34.23446346,24.06656941,14.0675127,15.6589279,51.98401389,47.70184117,32.04943637,48.12352989,52.43499859,10.79166323,19.97041907,19.59346281,52.05584238,54.81350969,25.72908401,41.6384418
66,tt0105236, Reservoir Dogs (1992) (1080p BluRay x265 Silence) eng  ,8.3,74.46808511,1992,5438,2055,47.4360803,36.23485251,7.487104623,32.66415657,24.89449237,23.71027513,39.78194586,32.28475002,19.61647903,50.8877661,17.08788061,17.95093108,55.82962392,13.33910901,15.97377948,16.45925571,42.44066434,39.84480831,19.57590453,33.49209615,43.74160053,47.03404469
67,tt0120815, Saving Private Ryan (1998) BR 1080p 23 976 fps 2 h 48 min 21 sec Eng   by FarangSiam  ,8.5,78.72340426,1998,6049,2372,51.33050301,70.97487096,4.633220911,29.82995653,15.64617507,14.90271112,29.82581595,20.66583256,14.87052334,40.42379618,19.78408701,21.77693245,35.49690078,16.26049977,59.99238925,13.806914,31.20991304,27.12273825,14.31475571,69.96434997,18.16108432,29.55617276
68,tt0086250, Scarface 1983 1080p YAS Eng  ,8.2,72.34042553,1983,7636,2590,36.84455504,59.5113226,26.73243243,24.9735724,37.70726571,9.590733591,26.70837202,22.02640428,12.32183758,35.80417395,32.39477958,34.75523526,37.21416713,29.55473578,38.95830293,13.05937085,33.30467684,17.50078264,29.69029585,48.29445722,40.32024706,33.04813315
69,tt0108052, Schindlers List 1993 iNTERNAL BDRip x264 TABUALRiA  ,8.9,87.23404255,1993,5296,1993,47.00530753,65.37678582,19.30005018,20.06897008,39.08862838,17.25732371,13.41022693,15.05430296,23.5978467,30.72524553,39.63306811,45.71228132,33.34095625,38.6144519,45.81634231,11.04480436,28.36844226,16.8739236,38.27679987,56.31032568,4.004798003,6.172864481
70,tt0114369, Se7en  ,8.6,80.85106383,1995,3782,1644,62.97431245,49.76210343,8.690389294,35.84862296,38.28798938,19.75856261,40.16446457,35.21505376,28.60736525,39.59147763,25.51247671,24.81473991,46.77630517,18.33726675,31.63278317,21.22721471,32.43920833,17.78786085,25.36466821,27.97644478,27.90615317,33.27377909
71,tt0045152, Singing in the Rain  ,8.2,72.34042553,1952,4279,1784,58.11244194,85.36561001,4.928251121,12.79327133,56.93436608,6.961883408,14.10001703,11.60675539,6.590598161,9.785183932,63.00483457,47.16088885,19.26349148,44.04931945,68.04300284,5.717948247,26.95380433,4.917585747,40.75462483,41.99623731,0.139307433,8.389825007
72,tt0208092, Snatch 2000 1080p BDRip x264 DD DTS    MaLLIeHbKa eng  ,8.3,74.46808511,2000,4732,1600,36.55471545,39.381345,7.555625,39.4378754,30.03636364,13.13653846,24.56487342,31.42943548,20.99576271,48.37071467,24.68233376,28.09567354,56.21931818,20.48545751,22.86980956,19.79764344,35.56466333,9.138513514,20.55187596,33.92513675,34.94276433,35.71705705
73,tt4633694, Spider Man Into the Spider Verse 2018 Director Commentary 1080p BluRay REMUX AVC Atmos EPSiLON  ,8.4,76.59574468,2018,8951,3284,44.4239069,69.36077892,2.342570037,13.44219714,28.84951833,19.78262906,9.574615705,9.650897804,36.8256983,16.04434167,26.29408212,21.05541709,17.8799675,14.14759497,33.74647533,4.741069467,20.87003661,6.233334431,23.81820621,30.05909024,0.127481609,6.885634931
74,tt0245429, Spirited Away 2001 1080p BluRay X264 AMIABLE en  ,8.5,78.72340426,2001,2734,1108,54.92437111,62.75750315,3.967509025,13.13944458,28.17853627,5.173562899,19.86473518,27.8415046,4.547818638,24.07699276,21.60849536,24.6205576,34.78490141,16.06709352,42.38134819,12.11383678,28.34560557,10.55712752,21.30865984,30.76078264,0.291516459,11.00306272
75,tt0120915, Star Wars Episode I A New Hope (1977) (English) HD (480x320)  ,8.6,80.85106383,1977,4262,1502,40.46518281,68.16010993,10.97536618,28.18293433,50.19489166,25.44299908,30.35446409,24.47704136,23.48394231,43.01311084,36.02936355,32.99113003,44.5684869,30.76804241,66.10548288,12.86808845,37.59253861,3.893907223,46.92659565,56.16618559,0.140381784,5.774237501
76,tt0080684, Star Wars Episode V The Empire Strikes Back SDH Bluray New By Ryan  ,8.7,82.9787234,1980,4961,1960,52.13777964,56.58027232,3.925,37.75435997,31.19851577,33.63343799,25.26672694,28.24391047,17.13939813,52.90178795,30.52963086,21.15520918,50.45514717,16.68920311,50.27137831,12.60036802,27.61891896,11.93601765,41.4688993,47.82380986,0.334598169,2.243998985
77,tt0086190, Star Wars Episode VI Return of the Jedi SDH Bluray By Ryan  ,8.3,74.46808511,1983,4176,1683,54.30886281,46.80400849,10.44800951,54.23739533,31.00631988,70.95845331,51.84458133,45.19579093,29.94048159,67.32648996,39.39715182,27.27349496,65.60419924,23.46222764,50.17519035,25.52039196,41.91464918,6.950265774,82.8005495,42.76228783,0.145950784,1.965112645
78,tt0043014, Sunset blvd 1950 720p bluray x264 Clone eng(1)  ,8.4,76.59574468,1950,5396,2245,57.87417012,65.26127021,8.811581292,16.71455402,37.74934197,10.6390269,15.40638832,14.68208923,11.2226794,16.82463582,31.31836965,29.27145321,26.58536852,25.36451032,36.77386683,9.565884114,21.69647846,6.512971769,23.9977414,36.1510263,0.083551426,10.81354998
79,tt0075314, Taxi Driver  ,8.2,72.34042553,1976,3928,1440,44.34522217,47.23697752,14.50069444,26.68767564,30.21212121,7.961538462,29.4778481,23.18324373,9.331450094,39.31943399,25.3010407,29.48960971,48.59244472,21.38120293,28.87421249,14.91347905,34.38751602,23.35397898,23.2115305,30.35209986,22.46286064,26.50470062
80,tt0103064, Terminator 2 Judgement Day 1991 THEATRICAL 2160p BluRay x265  ,8.5,78.72340426,1991,2835,1076,47.88617593,36.61292145,5.106877323,32.44973573,31.46333221,17.75807835,35.79713896,38.88056122,21.8543255,40.48721348,14.60696626,16.52080734,57.87446453,14.48829208,19.40739747,12.47409958,34.03852903,17.66552798,17.40505253,25.35466154,22.63601129,29.48441658
81,tt0468569, The Dark Knight (2008) (2160p x265 10bit HDR Tigole) eng  ,9,89.36170213,2008,6128,2485,54.99240079,62.37017545,19.01690141,28.65656784,38.29449424,14.60950317,18.66337264,13.94431103,18.24983801,49.33594178,37.06575253,35.47802442,40.66544723,26.03715665,49.26207877,11.45067124,35.22892765,32.95013323,37.23224456,64.15419478,3.067257775,9.07272859
82,tt1345836, the Dark Knight Rises  ,8.3,74.46808511,2012,5784,2450,59.93520711,46.57112096,12.11142857,37.07719175,28.5729128,27.2967033,41.38930509,29.83936801,45.93358699,53.640668,20.85989573,22.15164674,48.49548212,14.39804476,27.39598382,18.18835731,36.65652752,11.33921677,25.83664407,45.06876666,3.456677068,8.515673779
83,tt0068646, The Godfather 1972 Coppola Restoration (1080p x265 10bit Tigole)  ,9.1,91.4893617,1972,4756,1834,49.54869136,62.98169196,14.38167939,24.23684169,43.66610489,15.62788357,23.14509338,20.50691244,23.81198824,31.57977324,46.03388744,48.01845571,41.36738751,30.97684724,51.41875931,16.97892272,28.41609288,18.33682101,34.29100741,60.69033378,3.989606491,10.23396147
84,tt0032553, The Great Dictator 1940 Criterion Collection 1080p BluRay x264 AAC   Ozlem  ,8.4,76.59574468,1940,5993,2368,52.150368,53.83789347,7.889780405,43.11845244,37.25429975,15.33134096,17.92571844,20.34383173,13.47700985,38.52798655,33.85576621,36.2607387,50.27360092,31.22633276,44.46715562,14.96386243,31.09070817,12.34934259,57.4864397,47.75356398,0.062274405,3.384511493
85,tt0110357, The Lion King (1994)  ,8.5,78.72340426,1994,3450,1208,39.84365241,65.41880916,9.097682119,25.27358662,40.5538832,15.02674478,43.59858328,33.23274941,20.85671793,43.93851373,31.50114723,27.29404172,45.2224116,19.81908619,61.39273875,30.66645858,42.84387727,7.262394845,23.46772841,30.68009486,0.20402853,5.029320727
86,tt0120737, the Lord of Rings Fellowship of the Ring  ,8.8,85.10638298,2001,5177,2217,61.20957758,57.18887359,9.418583672,23.27650818,35.57879198,11.20433018,32.62020178,26.49468186,18.94069708,42.12206727,27.07480932,25.58456962,41.26148291,21.01353115,39.52021787,15.25654961,36.74141242,17.14759414,19.72378079,40.61562308,0.092586813,5.1505191
87,tt0167260, the Lord of Rings Return of the King  ,8.9,87.23404255,2003,4565,2015,64.81044968,52.87795932,24.54342432,33.17922701,37.85517708,25.12922313,38.62110123,37.53942208,33.34314674,52.49141886,29.05612983,25.20057532,55.50171015,24.61892624,49.33474315,20.2497661,41.89365574,17.41533096,31.98305076,45.80193139,0.122432748,5.163237504
88,tt0167261, the Lord of Rings the Two Towers  ,8.7,82.9787234,2002,5292,2325,64.24697741,54.39541564,16.54408602,30.16635431,38.79022483,12.73846154,40.90975909,33.07943115,18.783306,48.74284196,29.24370983,29.14932887,50.87526353,23.27543159,46.38347559,17.78071567,38.30437877,7.546643418,31.79106126,42.32993289,0.087748961,3.12935221
89,tt0253474, the Pianist  ,8.5,78.72340426,2002,2760,1093,52.39299749,51.28790096,18.09881061,26.50918212,36.50835898,12.23731438,22.29492629,29.38346664,23.0511576,36.60614443,32.3992143,38.96841708,44.73628249,28.60125521,32.070638,18.66572676,33.05662874,22.74177196,26.52531449,42.26297805,6.551302195,12.77259645
90,tt0482571, The Prestige (2006) (2160p x265 10bit HDR Tigole) eng  ,8.5,78.72340426,2006,4905,1994,55.26825627,59.86058873,8.818455366,13.21653975,32.07987599,6.228686058,11.03817782,12.29171385,4.211787906,25.79244481,29.04786492,21.74321062,38.58622551,23.01935988,41.4562703,5.92350823,16.238254,8.799371086,51.34804179,53.9696193,0.574873587,51.50195554
91,tt0082971, the Raiders of the Lost Ark  ,8.4,76.59574468,1981,2559,935,44.01098631,57.384197,7.052406417,18.39893679,42.28488089,9.196215549,23.54024233,26.21355874,7.185715581,32.85626723,33.28527775,41.71450453,33.79602938,24.14348381,30.18327606,16.65205576,23.93639929,23.45714699,16.6690648,52.7509757,3.022645706,4.66503245
92,tt0111161, the Shawshank Redemption  ,9.2,93.61702128,1994,5754,2517,63.72508832,51.34828323,10.47914184,34.55893787,29.555387,14.42376455,40.91217694,30.38819896,13.34653172,32.69210866,22.32482503,21.99074228,42.64193655,18.23405341,29.46260958,16.21107616,29.17207996,30.7884762,24.17406665,41.55117701,25.90907606,24.45700341
93,tt0102926, The Silence of the Lambs (1991)   Web DL 4K 23 976 fps   1 h 58 min 35 sec   Eng  ,8.6,80.85106383,1991,4307,1606,46.0640577,68.82175534,12.31755915,24.12994527,35.90399638,25.5800364,29.85718114,22.62885148,31.37598413,32.24470212,33.63533763,33.36491274,33.36298769,22.76813959,52.83897441,14.70918482,28.02791535,21.85049308,30.19112884,65.42031393,8.700593474,11.55607976
94,tt0407887, The Departed 2006 720p BrRip x264 YIFY  ,8.5,78.72340426,2006,6599,2552,49.85157881,54.35832468,12.05799373,24.22691646,30.90909091,14.22594647,27.10606722,25.6661442,12.50531321,43.64228425,26.02483437,31.7807528,44.38686621,25.2094148,37.84858001,10.72928979,30.87360213,45.2628569,25.06093405,63.37765578,53.66290458,46.54785404
95,tt1645170, The Dictator 2012 720p BluRay DTS x264 LEGi0N eng  ,6.4,34.04255319,2012,4393,1518,38.58646552,60.73867235,12.30764163,27.13091797,38.37824889,16.36363636,27.44533947,21.99200986,29.87539358,28.15878332,31.02235691,33.27189568,41.02635694,23.46222764,46.42038946,19.45236398,29.33578599,19.26432361,23.00128113,60.33132381,4.854731389,21.28803597
96,tt0071562, The Godfather Part 2 1974 1080p BrRip x264 BOKUTOX YIFY  ,9,89.36170213,1974,5377,1913,41.38385986,73.85297821,20.10716153,23.71089719,51.77113529,16.48075918,22.60019719,18.99735258,22.82863902,27.69396141,44.19581483,49.95131113,34.5331888,39.2102671,64.57897343,13.751896,27.51369565,15.28658821,38.50236383,73.34401119,2.870786823,3.073480342
97,tt0120689, The Green Mile 1999 DL 1080p x264 eng sdh  ,8.6,80.85106383,1999,5786,2378,56.49067164,36.31979551,9.705214466,37.34524936,31.88470067,23.30206379,35.03955031,43.35983071,12.71400265,51.5845395,25.84292371,24.89522548,60.61915842,21.02712358,22.39084024,18.7390561,38.96170851,31.35839793,31.3334513,27.30536804,15.20783012,21.19999632
98,tt11326678, The Hunt 2012 iNTERNAL BDRip x264 MANiC  ,8.3,74.46808511,2012,4084,1377,36.29372016,54.78113475,6.384894699,32.0391651,45.51528355,10.40723982,50.80665177,38.97439501,6.09898699,26.66411268,35.97493012,33.97108621,44.52554158,28.85550567,38.88776587,20.27453361,28.14978932,24.42246168,28.97437871,29.98214846,23.57530595,25.64284652
99,tt2084970, The Imitation Game 2014 720p BluRay x264 WiKi en  ,8,68.08510638,2014,4391,1635,45.91938001,58.83325296,2.016513761,15.99086827,31.62301918,9.34932957,16.3465335,14.47371017,9.24584046,32.8228321,24.7101988,28.31445896,34.97671483,21.39033387,34.66450182,9.194365067,21.23640462,18.78006447,23.07843686,45.72307154,3.282146993,10.56728528
100,tt0405094, The Lives of Others 2006 1080p BluRay x264 FSiHD  ,8.4,76.59574468,2006,4047,1444,41.66645295,72.20253185,7.610803324,17.41534467,40.01510954,17.86383976,22.8637049,16.38816906,25.59040331,25.91286053,36.98573641,35.39638426,29.10358545,28.25437415,54.1491355,14.50036329,29.29170725,13.16350977,36.78105982,53.12640044,1.293894372,2.919994369
101,tt0133093, The Matrix 1999 REMASTERED PROPER 1080p BluRay H264 AAC RARBG  ,8.7,82.9787234,1999,3142,1203,48.79878272,54.74763061,3.654197839,22.93727887,30.27129147,7.147515826,31.36462641,20.02252433,5.584907787,30.34826098,17.19304831,18.87325951,34.97625715,13.570422,26.36935725,9.818350299,22.25570663,25.52402777,12.51502824,44.04399205,10.87439756,10.32312811
102,tt0070735, The Sting 1973 1080p BluRay H264 AAC RARBG  ,8.2,72.34042553,1973,5319,2048,49.3890843,53.78194392,26.29443359,24.86347537,38.62926136,11.19591346,23.79722112,21.04649698,20.50367452,18.43826258,23.70154265,26.25200457,32.02587531,23.20068581,20.5621219,13.63185195,25.01172159,14.27892736,29.31286868,29.96516827,7.887193497,40.57897426
103,tt0114814, The Usual Suspects 1995 1080p BluRay x264 AC3 ETRG  ,8.5,78.72340426,1995,4935,1794,43.50450325,47.68232085,26.34169454,35.10834591,34.18870984,13.84615385,40.74975657,28.03071169,21.5341156,46.72119608,21.29515313,26.5916135,48.2035532,19.80674145,29.27130144,16.16042546,37.17389064,22.00578505,28.50011082,38.77622737,32.79942637,28.34408839
110,tt0120338, Titanic  ,7.8,63.82978723,1997,6085,2666,63.91433236,62.58188043,9.893473368,14.51011068,36.32408102,8.242252871,20.0499492,16.48476635,11.340547,16.16499505,26.81732207,25.39154305,29.22253291,21.02953493,34.77256771,8.65943945,17.77167987,19.74412522,17.8751712,36.99748723,7.635578932,11.91700594
111,tt0056592, to Kill A Mockingbird  ,8.2,72.34042553,1962,4158,1604,49.58814796,56.22940353,19.18453865,25.31240246,47.27726139,17.27316325,19.11281922,19.75907007,15.70755315,32.56117983,22.57920708,24.96121963,38.84254352,23.69688726,34.41849986,12.71922652,27.27546201,9.115724203,30.24203875,54.41877634,2.364617925,6.666959036
112,tt2475692, Toy Story (1995)  ,8.3,74.46808511,1995,4901,2108,61.72283046,61.55288878,3.64943074,29.85620565,49.87062274,25.83345497,24.98438739,29.06745424,7.171228251,53.23126957,26.42863062,22.44093506,40.50459464,14.45206537,47.39311976,9.678197032,19.356551,4.161751885,42.76551987,24.01519035,0.105123966,2.936955928
113,tt2160857, Toy Story 3 (2010)  ,8.2,72.34042553,2010,4968,1926,50.11310068,58.88741248,5.135514019,18.36556574,37.29443972,15.87347232,16.32556489,24.13492781,9.593079536,39.39130904,28.6994607,19.98309878,36.72426462,16.08858461,37.05291668,15.6103706,27.0798515,7.591703853,50.82493614,16.33370769,0.101952491,6.876467407
114,tt0052357, Vertigo 1958 1080p BluRay X264 AMIABLE  ,8.3,74.46808511,1958,3815,1377,42.79804739,58.97962225,11.97167756,17.58110726,41.22664554,18.73303167,25.11789526,23.01637501,21.95635316,27.90141877,35.09263859,25.69759114,37.33423263,17.40661722,38.03539744,15.59579509,35.84356261,9.556615439,22.65315581,30.72205127,0.172066677,2.651575616
115,tt0910970, WALL +E en  ,8.4,76.59574468,2008,1400,693,79.47420661,71.71685186,22.2020202,9.73661988,31.722419,4.135864136,4.537234917,7.317413769,0,7.996056247,21.07527963,18.43206054,13.21037685,14.5004649,32.44149894,2.324178554,5.008517948,4.21980422,6.108517857,34.76268931,0.693198117,1.956503055
116,tt2582802, Whiplash 720p fiveofseven no cinavia  ,8.5,78.72340426,2014,3395,1247,44.53839748,60.93678406,2.643945469,15.53536228,36.06765328,5.363025106,20.80233066,15.58837985,6.734807606,12.57846938,27.96968515,17.48349261,29.29239511,17.11198592,31.52381294,9.041371423,32.53801652,11.72543835,17.28222849,23.18032343,42.30483892,57.74184047
117,tt0051201, Witness For The Prosecution 1957 720p BluRay x264  YTS AM  RVA  ,8.3,74.46808511,1957,7569,3039,53.89544513,64.34315895,19.52813425,33.41011948,29.85730952,25.46434809,34.66080198,28.92292668,33.71481475,40.59663114,22.18807252,22.69862906,44.0367847,17.14564463,57.66315109,19.60982636,35.71718118,13.47171456,29.65122173,62.76028098,0.479041305,3.432768455
118,tt5311514, Your Name 2016 English Dub 1080p Bluray x264 Rapta en  ,8.3,74.46808511,2016,4218,1697,54.11902983,53.53519585,5.180907484,9.66670978,34.34402957,5.06686007,12.04359145,10.7077005,4.948912837,13.23766469,11.79518567,10.6770547,26.78464236,9.147618362,13.2276418,6.960209434,20.30839713,14.6474701,13.29784525,19.97885437,0.689685016,7.126865035
119,tt3148266,12 Monkeys S04E11 The Beginning Pt 2 720p AMZN WEBRip DDP5 1 x264 NTG 2  ,7.6,59.57446809,2015,1571.26087,624.7608696,52.66210746,51.02546831,6.914423289,22.82182998,37.46688356,20.28691991,30.02323752,22.68837615,24.41436899,36.5631708,31.85859807,24.97500308,45.5261292,14.6572829,32.56765737,15.38935308,42.4750044,12.07855044,21.62471566,33.26305282,8.012656973,8.727794078
120,tt1837492,13 Reasons Why S01E01 WEBRip x264 FS  HI  ,7.9,65.95744681,2017,2491.038462,912.3076923,44.25577883,57.03491896,8.329580115,26.21815342,37.52496869,8.98071877,34.39530673,24.78780711,10.22309598,27.95093985,30.73394491,31.0919992,37.31529806,21.26686108,34.0626132,13.16751011,27.20025676,14.72649307,21.76623284,43.11341762,22.86472556,26.03077983
121,tt7235466,9 1 1 S01E01 HDTV x264 SVA HI  ,7.6,59.57446809,2018,2419.08,926.32,48.7890113,59.70501644,6.779408853,21.18829164,37.07167116,23.63436245,22.83663861,19.26944823,12.54775144,35.73657663,31.57524747,31.23200776,36.23473391,23.35294247,38.07454792,12.7072644,25.49953576,21.31368707,31.50091796,40.37235795,4.245813547,11.71790823
122,tt8614316,A Series of Unfortunate Events S01E01 720p NF WEBRip DD5 1 x264 ViSUM  ,7.8,63.82978723,2017,2866.944444,1176.277778,56.25215375,58.73609663,9.944288725,19.81545854,31.77890452,21.91097691,22.28545071,19.85419075,24.71560963,35.2701932,24.45163945,21.55018481,37.67836391,17.31725251,37.98967618,12.09578334,28.27343767,8.257741685,28.92125479,46.68279396,0.322764747,6.608137983
123,tt10176978,after life s01e01 web  ,8.4,76.59574468,2019,1567.5,587.5,46.4142491,56.46660279,9.494822546,26.14084368,41.02374078,11.8251317,32.18524762,25.80656229,14.71613397,34.75200367,46.47891648,36.0650002,45.6512839,30.52661595,43.77731563,18.5341009,39.19209618,15.98884275,42.34122088,32.72292064,13.74300292,32.31530766
124,tt2364582,Agents of S H I E L D S01E01 Pilot WEB DL x264 AAC  ,7.5,57.44680851,2013,2245.105263,925.8947368,56.56411795,53.53646931,5.703854142,22.99005589,24.14209132,19.03814055,21.57784693,16.95590182,19.51560875,33.26965594,17.95111525,18.98949027,34.51670609,13.96557384,23.31131787,12.37557874,25.9440809,12.16381356,26.41380172,37.2769392,3.977515117,8.780391895
125,tt1034007,Alias Grace S01E01 Part 1 1080p iT WEB DL DD5 1 H264 NTb en SDH  ,7.8,63.82978723,2017,2065.833333,916.1666667,65.00534831,71.11860824,11.42217961,25.43468659,37.69993303,18.63837196,38.4643221,29.03899682,21.35567187,33.84325121,29.69846332,31.25326034,40.01090076,24.39617456,66.16957014,19.00728239,32.26749382,15.3221043,30.16100626,48.76907132,2.726783509,12.74140704
126,tt8154364,Altered Carbon S01E01 Out of the Past eng  ,8.1,70.21276596,2018,2019.6,785.7,50.51121219,47.5048926,14.68717527,31.91938232,35.71880178,27.41635653,41.48805881,28.22043613,38.81437288,53.08736798,25.7123714,26.54245693,53.83315338,19.88233983,36.25098186,22.54166519,43.80501233,23.29178527,23.42909524,41.03355923,20.60414641,25.03176203
127,tt1898069,American Gods S01E01 1080p BluRay SHORTBREHD  ,7.9,65.95744681,2017,1805.5,736.5,55.64473122,58.27600356,14.87526618,30.11141755,47.92677597,22.40874409,36.7387044,27.32553304,23.94462448,45.00703133,40.59674599,39.00981999,41.93813109,33.9188506,42.60950333,19.28825802,33.96921028,41.33501881,29.29335728,42.90665454,25.15059214,32.44712063
128,tt2788432,American Crime Story S01E01 HDTV x264 2HD 1  ,8.4,76.59574468,2016,2101.842105,791.1578947,47.2342634,62.451982,14.51862248,25.42563805,37.6078318,15.69999275,26.78110717,19.98114409,22.60733886,32.79118303,32.91379373,31.0780968,36.04783385,24.62177164,43.40770091,15.65718795,31.87995839,18.55958672,25.89789001,48.27924002,4.973665198,11.20715699
129,tt1844624,American Horror Story S01E01  ,8.1,70.21276596,2011,1893.5,768.2553191,54.88235326,50.22414387,11.44949783,31.99319981,36.37097064,24.57963162,43.85395292,34.42960476,25.27539739,46.70408413,33.44263816,29.93488647,50.38722236,25.22329334,37.27873431,21.64948504,41.14998766,24.95614536,31.66084283,39.34305174,11.21402774,21.3051862
130,tt6877772,American Vandal S02E01 WEB x264 STRiFE  ,8.2,72.34042553,2017,2105.875,784.875,45.75385021,48.36574646,6.645412284,32.32000759,23.22149534,9.727958805,37.77055708,40.98984629,6.18749304,30.49640376,21.97387599,22.53600769,47.45200687,13.37710677,29.67890965,12.5667202,16.72270499,24.4102595,13.09933865,50.23494948,15.46668747,39.65117905
131,tt4256606,Animal Kingdom US S02E01 720p HDTV x264 AVS  ,8.2,72.34042553,2016,1888.384615,717.7692308,47.60983556,55.73558586,23.91648221,36.63094064,40.092862,14.03723183,39.65595455,28.23167979,17.28127099,33.36133531,30.72539881,34.02892925,40.87787591,27.10910581,36.06963444,14.75108333,32.05071263,23.38897416,28.02714164,39.82195341,17.56287414,19.58174629
132,tt0135078,Another Life S01E01 2019 720p WEBRip x264 1  ,4.8,0,2019,1998.1,728.8,43.40193828,49.54658564,4.908899046,22.35302716,30.94929783,18.67189282,26.47663059,24.70667801,11.2810763,38.79161359,24.48186316,23.31393545,43.72081421,15.93383609,27.21148392,12.18032142,30.42249211,20.646702,24.96962732,31.43785888,18.71750332,17.42444875
133,tt0367279,arrested development s01e01 720p bluray x264 reward  ,8.8,85.10638298,2003,1984.307692,739.1666667,46.23322762,63.25096506,14.23727741,22.71695171,42.62340722,10.66902721,20.40887435,22.87602481,13.56568076,28.84698588,36.8053775,35.48952453,34.43441764,30.42185752,42.92620266,12.15575008,28.57206024,22.25545603,28.52964604,50.53519974,2.459167443,15.39773645
134,tt2193021,Arrow S01E01 BDRIP x264 Hun Eng Krissz en  ,7.6,59.57446809,2012,2142.349693,812.5521472,47.91425089,54.87082522,9.017830397,26.79003102,33.53130745,17.05793084,28.69168138,22.27422611,24.46923292,42.89421183,27.66117165,30.16326637,43.50358684,18.17249065,37.73742563,16.84480237,37.18957691,19.47666403,23.18778687,47.17323133,3.573709711,6.713199426
135,tt4189022,Ash vs Evil Dead S01E01 HDTV x264 KILLERS 1  ,8.5,78.72340426,2015,1217.533333,485.1333333,51.31157933,28.97908497,6.435831233,45.14359702,31.8399884,24.41091175,66.36682867,43.73899589,19.15691756,58.18519215,30.06691094,27.43442377,72.03588234,19.2336094,22.3730413,31.59620955,47.56648826,20.99119022,33.84240107,28.59965476,24.58335663,29.6528806
136,tt4288182,Atlanta S01E01 HDTV x264 FLEET  ,8.6,80.85106383,2016,1441.277778,533.8888889,45.17715489,52.24636836,14.61517646,35.87055023,32.49704087,8.024479208,50.24554716,38.82769078,9.421549095,22.6317053,32.69578789,30.57534713,46.41958407,26.27393348,36.2111934,14.68171277,23.83205141,14.08404285,30.25839221,28.79576354,30.8387565,32.47477324
137,tt0499549,Avatar S02E01 DVDRip XviD SWiM  ,7.8,63.82978723,2009,970.7,411.6,60.11659222,70.88306834,5.685694881,19.6494606,33.60721549,11.04759738,16.07923545,17.76489251,12.59511824,37.50402285,30.04506814,33.12559939,31.85002555,21.42904073,55.05120522,11.35515241,23.57180761,7.214370516,25.51440068,55.91505241,1.109713947,6.486979921
138,tt0185906,Band Of Brothers   S01E01   Currahee  ,9.5,100,2001,2096.5,774.2,45.30587501,59.11514508,4.146716227,32.52753604,22.02603128,14.3663906,27.56529909,20.82537415,15.42605999,43.76943689,19.33057349,19.06445686,39.55259788,15.65814343,41.20284524,11.80128255,29.00068611,11.72039672,19.57937755,50.08892336,14.50668824,24.29229354
139,tt5348176,Barry S01E01 Chapter One Make Your Mark WEBRip TBS HI C  ,8.3,74.46808511,2018,1873.25,673.5625,42.32944956,50.84358399,8.805854716,30.95896785,32.10366422,18.91765361,29.5850879,25.18018051,18.86247877,38.66506075,28.55619255,28.10430019,44.6294038,20.53120342,31.02924589,12.10401435,32.55510683,24.28070233,29.10407979,30.88905388,26.77456309,29.00553873
140,tt2188671,Bates Motel S01E01 BDRIP x264 Hun Eng Krissz en  ,8.2,72.34042553,2013,1627.24,572.12,40.14445219,58.92564106,12.9906265,24.02721384,46.09140569,14.1551306,29.64678131,21.59751864,13.99469885,29.07227289,41.83954578,41.40546971,41.69370128,31.78293443,43.60969582,16.59991152,45.89251795,15.568291,23.72850212,48.25010197,5.721491004,13.06500858
141,tt3032476,Better Call Saul S01E01 Uno 720p WEB DL DD5 1 H 264 CtrlHD eng  ,8.7,82.9787234,2015,2101.625,782.125,45.44356203,61.24288073,14.5936689,24.09303395,35.73863454,11.35161308,23.19601746,18.16209501,11.89219785,27.37436527,26.77328527,27.79405424,31.53336045,22.96318469,35.06702234,10.43056915,21.50142387,18.00410772,27.09365531,42.53785024,4.514917129,10.53159364
142,tt4370596,Better Things S01E01 Sam Pilot 720p WEBRip 2CH x265 HEVC PSA eng  ,7.7,61.70212766,2016,1255.133333,427.2666667,37.1583252,68.58752496,7.468874248,18.99545268,47.31652674,9.054922461,26.49688427,24.93945949,8.875083633,23.01074246,47.49861865,40.661477,33.48619081,35.42582738,52.52407727,14.03329613,24.74625287,26.36023562,31.48017255,42.47823642,6.204581469,15.59558508
143,tt3920596,Big Little Lies S01E01 Amedia (qqss44)  ,8.6,80.85106383,2017,2426.928571,843.8571429,38.98826432,58.87545511,10.75736832,32.29099249,44.15780623,18.60152768,35.14951142,28.06793121,16.12957164,39.49998472,43.03891149,38.62518566,45.99071076,32.58183984,49.11026474,15.31823581,34.12602454,26.09187465,32.83471352,46.28228753,12.55254789,17.97695926
144,tt4270492,Billions S01E01 HDTV x264 BATV 1  ,8.4,76.59574468,2016,3228.5,1294.861111,53.62649074,62.5297761,13.35190951,22.75449046,35.27871969,9.868780587,22.75808878,17.1887666,11.75363454,25.10683608,27.44033265,25.91457,29.86467201,22.45057176,35.50400969,9.795443464,22.97075296,14.86493643,24.42520463,41.95455456,16.73120256,17.57553997
145,tt4474344,Blindspot S01E01 720p HEVC x265 RMTeam en  ,7.4,55.31914894,2015,2491.94186,952.6860465,48.5879946,53.40160649,7.433722995,23.58581287,30.30076718,18.97649315,22.04268522,15.96766295,26.11547507,36.91161181,19.76750782,20.36469698,37.09735778,13.71444984,26.40218447,13.29181535,31.8355762,13.01951349,20.83295496,39.65735512,2.771062134,5.475773277
146,tt3520702,Bloodline S02E01 WEB X264 DEFLATE 1  ,8,68.08510638,2015,2290.55,824,42.19572922,53.94582449,11.48300098,24.14747601,35.60058193,13.45409181,30.78756249,35.59803348,16.29158444,30.8728745,26.93455357,28.45079166,46.10028438,20.91485901,39.24509084,13.0086934,33.96540692,17.86806604,23.96583115,42.35476578,27.59529745,19.97854215
147,tt1595859,Blue Bloods S01E01 Pilot 720p WEB DL DD5 1 H 264 NT  ,7.5,57.44680851,2010,2614.190751,1023.439306,51.14275633,58.07447029,9.638611241,28.45658971,30.6879893,17.84755084,26.18486754,19.6125195,24.51982458,40.35097598,23.76745315,25.19567704,39.13375483,18.97253619,38.54399935,14.84847184,31.93751858,25.34296371,26.17796125,48.1714564,4.709606969,11.94479763
148,tt6769208,blue planet ii s01e01 1080p hdtv h264 qpel  ,9.4,97.87234043,2017,1526.166667,763.8333333,80.78331478,67.84450959,0.970842298,9.572516109,23.33876995,8.756412737,6.25201377,10.82198935,10.58137049,20.52780407,23.12375465,22.4587822,22.71311815,14.524749,36.9696541,5.216691608,15.28663165,5.309502462,18.58060665,27.65869311,0.628021391,15.2684039
149,tt0979432,Boardwalk Empire S01E01 1080p BluRay X264 BiRDHOUSE  ,8.6,80.85106383,2010,2148.241379,840.0172414,50.89305865,63.30695299,13.21022296,22.99287832,34.91488751,13.58881931,22.92336972,21.87253051,17.02255897,25.06402701,32.26013045,31.31102035,35.13572885,25.96269396,43.95424012,11.92872129,27.11790625,17.97644024,26.93552309,49.65240464,11.12304272,14.74387547
150,tt1673792,Boston Med S01E01 HDTV XviD 2HD  ,8.6,80.85106383,2010,2944.375,1053.25,42.19224584,65.01848262,4.727600245,15.10275071,49.71718602,11.9142707,16.38498216,13.47722606,11.88953336,23.1852779,31.31215661,30.53163257,25.78278011,26.96683854,35.23454691,10.84869403,22.4790547,10.55098332,27.74594623,32.10259715,1.108722205,14.25684133
151,tt0903747,Breaking Bad S01E01 BDRIP x264 Hun Eng Krissz en  ,9.5,100,2008,1660.822581,605.8870968,43.69188222,60.51928524,14.88905222,26.5517359,41.82071698,11.24241024,29.80566525,23.04521673,14.20246017,30.20512512,31.39244204,37.07701404,34.87035124,29.78717793,37.94877324,16.23002445,27.90633493,22.36136282,29.08604568,44.03610276,9.65968999,18.20254352
152,tt1034201,Britains Got Talent S13E05 WEB x264 KOMPOST  ,5.9,23.40425532,2007,2836,1127,52.76950832,100,2.925465839,10.25871317,89.55876422,8.477237049,13.94988375,10.49889802,7.451912231,19.36872764,90.08959357,74.13006562,12.99252871,82.25533042,89.57734296,10.0040729,22.53326654,18.16350512,90.7959761,73.64527705,1.089141259,2.851534299
153,tt2467372,Brooklyn Nine Nine S01E01 720p WEB  ,8.4,76.59574468,2013,1852.465116,716.6162791,49.95248453,59.24566261,6.963263075,23.55454987,34.20038508,14.52703672,26.6226122,24.46229952,17.61027244,32.01127902,30.25259049,27.04073161,40.928599,22.41341554,43.26185418,15.83790231,30.17344731,20.68164161,27.77865635,37.33169942,3.672011646,15.70377665
154,tt7366338,Chernobyl S01E01 720p WEBRip x264 TBS  HI  ,9.5,100,2019,2234,928.6,58.24709697,56.86268146,5.126578561,19.1138143,21.4518937,17.36361246,18.20370102,17.26915449,8.821176069,33.36318819,12.63711378,13.37375796,32.45576315,9.724870162,27.37706214,9.53956485,26.50608403,18.16226466,18.90927871,32.03693768,4.772074303,15.44442747
155,tt2261391,Chicago Fire S01E01 HDTV x264 LOL VTV  ,7.9,65.95744681,2012,2115.986395,788.9387755,45.97524404,60.08611624,6.622012188,20.6708147,34.60111956,14.93241666,19.47366347,17.08848291,13.67865112,30.09144255,27.49397753,25.68726434,30.56212591,20.27279857,31.45228361,11.03640059,25.4521214,15.30996242,27.82909675,34.27429046,4.418612525,8.845518737
156,tt4655480,Chicago Med S01E01 REPACK HDTV x264 KILLERS  ,7.5,57.44680851,2015,2363.552632,828.5394737,39.77884265,56.70820229,7.937680914,18.91399994,39.88989694,15.19278444,19.69173494,17.82187955,19.46634753,31.89462048,25.19582033,24.6656542,36.03903771,20.04971334,31.73532709,13.26674676,32.70617047,17.01648923,23.68858651,34.45461084,1.668571209,10.30250995
157,tt7187044,City on a Hill S01E01 The Night Flynn Sent the Cops on the Ice 1080p AMZN WEB DL DDP5 1 H  ,7.6,59.57446809,2019,2894,1083.8,46.42096285,56.316843,13.37268097,33.19366599,35.70615867,14.36230317,37.37734458,26.68118482,16.09732505,41.86197862,30.67156896,31.49373488,43.24730891,24.63605606,40.33896563,15.43750736,32.34776208,38.54817208,23.19506062,52.7472362,35.92149401,28.94775306
158,tt4452630,Code Black S01E01 HDTV XviD FUM  ,8.1,70.21276596,2015,2597.666667,928.8205128,41.78327861,54.44432456,8.372557961,21.1204934,36.74389595,16.07947224,22.11079615,18.79345222,18.93653358,33.62737786,24.03799764,24.5665237,39.06450308,18.33083943,31.08386027,13.92866326,32.24523319,18.86919051,23.00912905,36.52290454,3.607322132,14.40392627
159,tt2395695,Cosmos  A Space Time Odyssey S01E01 720p Molpol Ingles  ,9.1,91.4893617,2014,2392,1127.384615,72.98934971,70.25430722,6.092715761,10.61887898,37.95303269,8.241792668,11.04011864,10.93641669,9.533549154,15.15983166,24.81944454,28.34467434,17.54989761,24.60908327,35.13015218,6.12094582,14.70476546,9.547550245,14.68120787,37.57247754,0.774980545,4.127797491
160,tt4094300,Crazy Ex Girlfriend S01E01 HDTV x264 LOL 1  ,7.7,61.70212766,2015,2833.244898,1011.040816,41.68099253,66.90859731,6.067313862,19.16470269,44.4775967,8.541280864,24.07261547,21.86890844,9.56691078,26.9983106,46.18942462,38.64308568,32.88777578,32.14763476,48.3353368,14.34212028,24.90239238,28.80840525,26.3467379,42.21870862,2.803378792,19.44143679
161,tt0452046,Criminal Minds S01E01 Extreme Aggressor DVDRip XviD TOPAZ  ,8.1,70.21276596,2005,2392.268293,931.5121951,50.53142152,48.53889551,8.888513355,29.79293134,30.55765179,19.01517175,24.5678995,18.94120455,25.38480822,44.75023662,21.68083527,22.0974624,43.11891773,15.86016774,24.38093715,14.39603964,39.08380677,15.32338105,19.53068292,35.62076361,2.923711442,12.62096385
162,tt3322312,Daredevil S01E01 WEBRip x264 SNEAkY  ,8.6,80.85106383,2015,2214.375,877.5,52.41663091,48.50016103,11.16783572,32.76436635,29.17595758,19.31876058,36.57087519,27.37997607,21.84527863,44.66182914,21.45510238,21.32658905,46.82437595,15.80906368,29.13348808,18.88848671,38.44178614,22.32594796,25.946566,35.17829511,10.96662956,16.39962055
163,tt5753856,Dark S02E01 1080p NF WEB DL DDP5 1 x264 MZABI HI  ,8.7,82.9787234,2017,1294.125,528.25,55.47284462,56.38209156,10.96154539,20.23241316,42.39564582,11.51452375,30.77685194,23.33856633,13.70353338,33.68659802,37.14789005,22.42179124,35.12398216,19.20230666,29.88021119,20.26961236,52.5370443,20.50350099,15.66153905,24.44879922,7.222409781,7.252998764
164,tt3465394,David Attenboroughs Africa S01E01 1080p BluRay x264 SHORTBREHD eng  ,9,89.36170213,2013,1852.166667,848.6666667,70.84167037,56.84839652,7.501014872,18.56723704,33.41457064,14.27495649,20.45156622,17.44632003,12.06844481,29.65190836,24.35962025,22.11505572,32.76884912,20.3688935,27.75626369,11.51731788,24.34154498,10.71649744,23.59360365,28.53159304,0.523316496,18.5688158
165,tt5707802,Dear White People S02E01 PROPER 720p WEBRip x264 STRiFE  ,6.3,31.91489362,2017,1698.25,625.35,44.81968379,61.37220017,7.144939462,26.27558398,41.60830969,9.244443031,32.02910296,24.75576881,12.28412619,26.34719253,35.54309223,36.65189037,40.18609224,29.86617721,46.6110249,15.14615267,30.17933501,17.75712636,20.76738035,48.6298158,17.00805362,33.76538859
166,tt7120662,Derry Girls S01E01 Episode 1 720p NF WEB DL DDP2 0 x264 MZABI  ,8.3,74.46808511,2018,1670.5,635.5833333,48.54836634,63.66427812,10.223637,20.75084024,35.35507661,12.08346393,25.87737694,23.05128872,14.6199493,29.43577575,33.3984168,30.55507598,34.32966608,27.18245299,43.62872704,16.20900617,26.14715137,32.9587019,18.40993563,39.7085357,13.64691337,27.43665767
167,tt5296406,Designated Survivor S01E01 HDTV x264 KILLERS Pilot  ,7.6,59.57446809,2016,2843.283019,1089.377358,48.60905966,67.27425471,11.11843612,23.77952871,35.0879308,14.94149816,22.22828926,16.27045401,25.42856614,30.5623378,23.71482481,26.64480493,33.05617,21.86189935,49.29724,12.41386274,25.52882143,13.45577754,23.51755662,65.70990627,3.757770091,6.299136342
168,tt0773262,Dexter S01E01 Dexter DVDRip XviD SAiNTS  ,8.7,82.9787234,2006,2379.734043,933.4680851,51.26090942,53.68167446,8.928282874,25.65511571,35.06096962,16.80576518,30.06390163,21.74862877,22.92263604,40.17118331,27.15816327,28.57416572,40.37705449,20.12082667,31.2468524,14.80992782,36.15278681,20.79784219,24.69519257,40.54551913,16.96040649,20.92961779
169,tt1606375,Downton Abbey S01E01 720p x264 MIKY eng  ,7.8,63.82978723,2019,3155.186047,1125.674419,41.82150399,66.72846551,8.946927972,17.70825931,50.46220234,10.21945945,22.00901725,21.83183365,12.85361087,24.82103878,38.13718577,36.86830874,37.37891379,32.68038584,53.82519772,13.54646998,24.93474942,17.64663116,29.80098486,54.69302797,0.446215952,4.515791629
170,tt6330218,Easy S01E01 720p WEBRip X264 DEFLATE hi  ,6.8,42.55319149,2016,1823.24,598.24,34.03974005,74.05472379,5.955133899,16.28053101,52.17344402,5.491631972,24.38169515,18.78944703,9.778260489,23.49504963,52.71244837,46.25205678,26.20065761,38.43811691,54.12457102,9.550157326,24.20657707,24.50075373,34.85749126,45.68866376,12.41577669,17.56489012
171,tt2191671,Elementary S01E01 1080p WEB DL DD5 1 H 264 Juggalotus  ,7.9,65.95744681,2012,3010.039216,1203.392157,53.41446863,53.66876459,10.31608593,26.86223472,28.39161854,22.4343647,24.91206858,18.1536302,34.84400728,38.81621789,18.72827723,21.26739765,40.00812497,13.5865377,30.73963148,15.32032923,33.09947409,12.77955002,21.79356857,38.8675456,1.140002824,7.707966159
172,tt2290339,Emily Owens M D S01E01 720p HDTV x264 EVOLVE eng  ,7.5,57.44680851,2012,2417.833333,850.5,40.20856398,59.85069401,7.490386386,22.8906956,47.92262767,14.55533896,23.7664364,20.69299951,17.0015453,26.27572224,31.93626377,28.34971478,35.95980744,26.86019424,38.01184952,13.96550702,27.00825251,12.33513941,33.24833405,37.54080708,1.451851911,9.028329235
173,tt3228904,Empire 2015 S01E01 Pilot 1080p WEB DL DD5 1 H 264 QUEENS  ,7.4,55.31914894,2015,2668.75,955.5,41.90200699,58.46060637,12.85142654,28.62553887,40.70244124,13.65611432,34.32317154,27.17693223,18.64551682,31.61338189,37.41328286,32.4702587,41.46911796,26.57650971,42.37277932,18.56684774,33.79862635,17.63857398,29.55469128,42.88541348,11.18089392,15.23122047
174,tt0108757,ER S08E01 Four Corners 1080p AMZN WEB DL DDP2 0 H264 SiGMA  ,7.7,61.70212766,1994,2802.227273,1051.772727,47.04164052,53.41687646,7.572620786,20.71927924,37.42138821,14.09701904,20.77357193,20.5557588,16.87777381,29.86889422,25.09633217,26.38035619,37.60858192,18.58455666,27.099721,12.93544391,31.04517687,16.51861022,21.30810956,33.70086958,3.550046024,14.08264264
175,tt9252470,euphoria us s01e01 web h264 tbs  ,5,4.255319149,2011,2122.875,771.375,43.5251473,52.20434632,7.24495354,32.24045877,33.34165679,10.71044032,46.49928388,34.59305172,10.15855319,34.3379721,37.93653594,34.79474129,50.68655701,24.39740853,41.6891748,21.91471376,44.68323023,22.43853479,22.70320452,42.85425373,52.01132771,55.71299449
176,tt2802850,Fargo S01E01 BDRip x264 DEMAND  ,9,89.36170213,2014,1872.7,731.2,50.80476833,55.99702898,13.86835916,25.75126704,28.49430839,16.11609803,26.40815735,22.35260283,19.87106852,32.61173324,23.52288895,24.68695063,36.44013116,17.98653914,30.81446441,12.32357768,27.66805111,18.69686525,24.37595401,38.36957297,5.383669249,16.52414301
177,tt1984119,Feud S01E01 720p HDTV x264 FLEET 2  ,8.5,78.72340426,2017,2526.571429,959.8571429,47.89110131,65.30285079,8.019432169,21.30011887,44.92811446,12.66758607,24.82072513,21.20250411,17.46800527,23.27037949,38.18494834,34.15358355,33.20470641,32.5350057,45.48859792,15.25645768,27.02601088,11.28511094,30.96477021,39.76194193,7.052047954,9.884260642
178,tt0303461,firefly s01e01 serenity pilot dvdrip xvid  ,9,89.36170213,2002,2075.4,746.9333333,42.48103827,60.47213377,8.36206822,24.63640335,36.68891697,17.11803839,22.73254774,20.20608294,17.70506818,34.76199461,24.27708805,27.47677214,36.82543423,20.68870713,40.40209106,12.13036517,25.82950457,12.51404495,27.11863104,46.23328651,4.623007104,10.0622426
179,tt6587094,Five Came Back S01E01 The Mission Begins WEBRip x264 RARBG  ,8.3,74.46808511,2017,3818,1541,54.45762467,49.19665731,3.837255151,26.14153603,24.49213829,20.05373859,16.28271988,16.73866933,26.42472387,46.36009181,14.28171343,11.10852543,42.6034416,12.54597443,25.04423234,9.834326341,26.87937515,7.611928772,16.86693993,28.69348329,0.744787953,4.00847565
180,tt4591390,Fixer Upper s04e09 the floating fixer upper hdtv x264 w4f  ,8.3,74.46808511,2013,3683.428571,1431,50.37964746,83.46585502,7.729201314,5.661312004,33.10306271,5.756163046,6.842178014,9.493959668,4.672005663,2.630917898,46.14632227,34.08519833,7.882704942,25.45448776,49.3478509,3.750313656,5.14808288,6.140282444,24.38136231,36.07137948,0.183215645,23.61942939
181,tt5687612,Fleabag S01E01 720p WEB h264 spamTV PRiME  ,8.6,80.85106383,2016,1228.916667,435,41.04600207,75.42639302,7.920058477,22.13088275,53.66549547,12.85270698,30.58184314,24.55399455,12.34685867,33.88789724,66.0045066,55.1360113,35.01817878,47.37971079,68.40561993,14.69681634,26.50742288,43.51426283,45.9234043,59.10621142,20.24014408,38.87659928
182,tt0109831,Four Weddings And A Funeral S01E01 Kash With A K 720p HULU WEB DL AAC2 0 H264 NTb  ,7,46.80851064,1994,2626.75,967.25,44.64289366,70.53100026,6.712213352,16.81458772,47.39797843,6.868850447,22.43905266,17.70875305,8.301812309,25.89581146,48.01424725,40.72114823,31.74296565,33.15136723,54.19685867,11.41883057,22.22354087,32.01347189,20.81262779,49.80779121,5.959349551,19.86959566
183,tt0108778,Friends S01E01 720p HDTV x264 BoB  ,8.9,87.23404255,1994,1067.166667,367.8333333,38.60824648,66.17784828,4.84867543,15.99192992,44.64273657,10.93359316,16.59487455,17.76274261,12.59725265,24.54372716,45.02533653,43.96511198,30.14436396,33.50920788,43.27491533,11.5397474,24.44975422,28.33135175,29.2393071,44.76240141,2.187921787,14.60301642
184,tt2092588,Frozen Planet 2011 S01E01 720p BluRay x264 RO4EVA  ,9,89.36170213,2011,2082.375,1060.625,82.64516955,64.9721502,4.175755845,10.96780421,24.86455045,10.52103692,7.660081759,7.143058329,11.2690282,19.09672265,15.67924211,13.44927246,15.80475206,14.9580865,22.1310972,4.857376675,13.66142576,5.86212599,13.70752558,26.68030504,0.457068795,15.6405517
185,tt0944947,Game Of Thrones S01E01 Winter Is Coming HDTV XviD FEVER HI  ,9.4,97.87234043,2011,2047.164384,915.5205479,66.96331155,55.58932017,8.198394189,30.68428565,30.24744654,21.66511604,32.49202769,38.29058206,23.83056901,49.96094139,27.77030903,27.35857209,56.60035049,21.64502794,56.27170407,19.6982155,39.15672167,22.79916432,27.12055966,60.51801691,8.576997298,20.91464164
186,tt1327801,Glee S01E01 720p BluRay x264 SiNNERS track3 eng  ,6.7,40.42553191,2009,2880.589744,1083.205128,47.32570825,67.28549909,7.202144888,20.89238156,38.19085738,10.70076926,21.83977945,19.42582587,15.68702978,20.94759858,45.73747722,35.00368948,30.7124814,28.18803911,46.26435902,13.7324789,29.65634582,16.32048875,25.27723242,46.79162217,2.162637896,13.57992933
187,tt5770786,GLOW S01E01 1080p WEBRip x264 STRiFE 9  ,8,68.08510638,2017,1836.866667,671.5333333,44.46588367,64.1367861,9.352153123,24.22960053,41.66641795,13.23232551,25.39338705,20.15282379,15.43943766,28.5312496,39.88537968,36.68641623,34.47057341,32.6144392,44.77171862,12.44197664,25.43639503,21.02092061,27.30221748,42.98307751,15.62527015,26.14060172
188,tt5516154,Godless 2017 S01E01 WEBRip x264 STRiFE HI  ,8.3,74.46808511,2017,2067.285714,829.7142857,52.83385202,53.4244621,6.816519589,32.33604477,35.26612436,26.42771676,30.37249634,30.96916149,27.94359415,38.84434547,30.71362885,27.42486924,45.48590671,26.74033064,37.38560378,14.98036149,33.08146795,12.38064343,42.95361849,49.6048014,9.298087749,13.95133844
189,tt1869454,Good Omens S01E01 WEBRip x264 ION10 1  ,8.2,72.34042553,2019,2701.5,1145.5,59.64569224,54.04840173,7.06851345,29.86792311,37.03380665,18.12734319,43.80696142,32.88666656,21.85621698,47.20812541,33.14602875,28.91016091,46.32750983,26.27664437,39.74959838,20.57435917,32.02786399,20.73262618,31.53998756,38.96534111,6.435976791,10.99467665
190,tt3749900,gotham s03e12 mad city ghosts hdtv x264 dimension hdtv x264 lol  ,7.8,63.82978723,2014,1933.959596,763.040404,51.66703569,52.5490487,12.17219405,31.42977968,33.50603213,24.20939627,32.01189555,25.37732937,28.4175885,49.30527435,29.39637189,27.99507884,48.52753196,19.72749262,39.57403846,19.12003874,39.61883093,22.43378211,33.44827724,43.17246033,4.789521477,12.22061946
191,tt3609352,grace and frankie s01e01 720p webrip x264 2hd en  ,8.3,74.46808511,2015,1711.730159,630.3809524,44.75152945,67.32633487,7.201255228,20.8946178,45.09916132,10.50052802,25.53469492,20.53554677,10.76290107,28.07749081,40.74469167,36.72807921,32.26729871,31.43768225,48.37443904,13.15581724,25.62370535,28.08676282,27.14901533,38.86234878,6.917234076,17.3688652
192,tt0413573,greys anatomy s06e02 dvdrip xvid reward  ,7.6,59.57446809,2005,2668.655556,948.0666667,41.4876833,58.00113049,7.465288698,19.49509997,42.7589561,13.7317176,23.59141272,20.78637205,16.56642001,31.3826732,28.0089645,28.95726883,37.09069521,22.93664241,35.73135836,14.14197811,28.51800119,18.37052699,22.81571402,36.33164019,4.047815935,14.31336775
193,tt2243973,Hannibal (2013)   S01E01   Ap+┬«ritif (1080p BluRay x265 RCVR) eng  ,8.5,78.72340426,2013,1323.025641,522.7179487,51.98016733,50.33844798,10.26031597,28.11488332,32.34078862,22.31645442,33.68200794,25.16269912,36.32001059,50.75338482,28.89480048,30.36785824,47.41107853,20.24367266,33.63048587,20.78220083,44.42125728,20.43033776,25.19017709,41.91963643,1.541513269,6.587146013
194,tt0437005,Hells Kitchen US S07E01 WS PDTV XviD LOL  ,7,46.80851064,2005,3765.741935,1307.322581,39.03127186,59.0545183,4.096320615,21.76968853,37.35019819,11.51426691,32.78527227,24.27749608,14.12983197,28.7501616,32.82698338,33.69754446,30.29986807,29.06693587,29.0160217,21.7910831,29.82626745,15.55390316,29.67283673,40.9432906,11.15890756,19.72446163
195,tt7008682,Homecoming S01E01 Mandatory WEB DL DDP5 1 H 264 NTb HI C  ,7.5,57.44680851,2018,1234.2,397.2,31.42073018,68.10647681,5.461237587,15.05110997,35.61884209,7.520328041,19.35805761,14.19457988,7.265561354,12.48981285,24.33216962,23.03964333,25.73487439,16.50140972,41.44127061,8.196393999,18.40775395,9.083406753,26.18759399,30.05356054,9.613607,6.402020287
196,tt1796960,Homeland S01E01 480p HDTV H264 eng  ,8.3,74.46808511,2011,1981.27381,724.2738095,43.74300182,55.27126557,8.602536874,25.85749656,35.4350216,20.18798589,27.4137064,19.33159112,25.61415698,35.12916782,20.9313198,23.26990856,37.71234709,15.98992111,30.99975364,14.10649361,29.19374071,17.27021835,25.29825337,44.61555948,12.21963116,12.10175599
197,tt0412142,House M D S01E01 720p WEB DL Dual Audio HDCLUB eng  ,8.7,82.9787234,2004,2442.278351,991.2886598,55.26444967,46.89468051,9.257311514,22.98504001,31.86054536,14.72958781,29.55966553,28.5258592,18.77158088,40.46407526,20.88331824,21.65040225,50.28051717,16.954686,30.38020258,20.89632879,39.23812462,17.39514312,19.27102279,33.37351755,2.722874132,18.02910819
198,tt1856010,House Of Cards 2013 S01E01 720p BluRay x264 anoXmous eng   Copy  ,8.8,85.10638298,2013,2470.073529,961.3529412,50.34247601,66.53910775,14.79649791,21.25608155,37.84173631,10.51720639,20.85426819,16.38420779,21.62093861,23.65639755,24.81348898,27.35562265,30.62563924,22.94987964,44.63582532,11.01841207,24.03123222,13.89156345,21.81961029,58.35991486,4.09374606,7.012083808
199,tt3501584,iZombie S01E01 720p BluRay X264 REWARD  ,7.9,65.95744681,2015,2529.724138,1042.482759,56.80129426,54.07612533,10.43199334,26.58117509,30.86729422,22.06845381,28.59554826,23.25974593,29.84720245,39.13463645,24.59562389,24.52003104,41.19765889,17.50764457,33.11756536,16.53185377,34.34035719,16.88283045,27.77143211,32.88328989,4.473605853,17.1674026
200,tt2357547,Jessica Jones S01E01 WEBRip x264 WR  ,8,68.08510638,2015,2043.333333,838,56.25373413,45.02133015,9.897117019,35.07999727,32.80401681,20.99127862,42.08376654,30.99555617,21.66025134,45.41973755,28.33832853,29.3908596,50.48062619,23.56356459,26.83786739,19.29525473,39.97483872,21.19734588,34.48395961,35.5258266,12.80857525,21.07012849
201,tt1489428,justified s01e01 dvdrip xvid reward English  ,8.6,80.85106383,2010,2582.533333,936.2533333,43.48292029,53.40991473,18.96508884,35.75587647,37.71758471,13.95598813,39.61758388,29.26453766,25.44593319,37.47282951,28.60364131,30.70467703,43.991967,24.72821029,35.40826639,16.19882417,33.04585754,20.43948858,30.75012059,44.63500903,15.33796978,18.29620532
202,tt5114356,Legion S01E01 PROPER HDTV x264 KILLERS 3  ,8.3,74.46808511,2017,1211,482.8333333,53.19029748,52.94724636,6.492413441,23.83548646,32.95506434,17.38129664,30.5431079,25.08248092,13.50069854,38.3473794,29.83381157,24.10448525,44.53835456,18.20794856,35.18134837,16.63532585,31.68982625,18.20122041,24.39127631,33.44951433,4.591474257,15.65134956
203,tt7520794,Russian Doll S01E01 Nothing in This World Is Easy NF WEB DL DDP5 1 x264 NTG  ,7.9,65.95744681,2019,1385.125,450.75,33.13695301,53.70569195,8.381168974,22.9591178,49.00384086,12.11397273,33.28725047,26.7725324,18.37643805,37.14131391,35.98810634,26.87533106,42.48609469,28.64125902,34.04538593,15.75887811,34.82580515,22.31654827,25.97320576,23.76921951,29.15814672,34.80925952
204,tt6077448,Sacred Games S01E01 Hindi 1080p NF WEB DL H 264  iND eng  ,8.9,87.23404255,2018,1129.5,453.5,54.06931925,51.34328106,16.8894205,28.33973097,35.53852931,19.05899611,26.90931616,25.36344872,24.21294733,47.82857747,24.76864123,28.53969676,49.82292736,17.97034385,38.81505426,16.4718198,41.57142634,33.73836796,19.16005703,59.91607656,25.48715541,39.98174788
205,tt8362852,Swamp Thing 2019 S01E01 Pilot 720p DCU WEBRip AAC2 0 H264 NTb HI  ,7.9,65.95744681,2019,1835.5,679.2,44.92855767,47.9327232,15.24232099,30.44604685,37.85681952,22.23916227,41.46296307,37.72714544,18.59330419,49.94922975,28.36617997,27.64981134,47.06907042,18.98147667,28.30052075,20.14495228,33.52935189,17.66096531,27.63137422,34.41628771,14.98335909,18.3537841
